{"cameraMode":{"drawMode":0,"name":"Shaded","section":"Shading Mode"},"sceneLighting":false,"audioPlay":false,"sceneViewState":{"m_AlwaysRefresh":false,"showFog":true,"showSkybox":false,"showFlares":true,"showImageEffects":true,"showParticleSystems":true,"showVisualEffectGraphs":true,"m_FxEnabled":true},"in2DMode":false,"pivot":{"x":0.5207862854003906,"y":-0.1915135383605957,"z":-0.8077837824821472},"rotation":{"x":-0.0202170442789793,"y":-0.9116092324256897,"z":-0.04516122117638588,"w":0.40808138251304629},"size":1.9179104566574097,"orthographic":true}