{"cameraMode":{"drawMode":0,"name":"Shaded","section":"Shading Mode"},"sceneLighting":false,"audioPlay":false,"sceneViewState":{"m_AlwaysRefresh":false,"showFog":true,"showSkybox":false,"showFlares":true,"showImageEffects":true,"showParticleSystems":true,"showVisualEffectGraphs":true,"m_FxEnabled":true},"in2DMode":false,"pivot":{"x":0.11100006103515625,"y":-0.0299999862909317,"z":-0.7350000143051148},"rotation":{"x":0.03992482274770737,"y":-0.5762779116630554,"z":0.02819935604929924,"w":0.8158083558082581},"size":0.8660253882408142,"orthographic":false}