{"cameraMode":{"drawMode":0,"name":"Shaded","section":"Shading Mode"},"sceneLighting":false,"audioPlay":false,"sceneViewState":{"m_AlwaysRefresh":false,"showFog":true,"showSkybox":false,"showFlares":true,"showImageEffects":true,"showParticleSystems":true,"showVisualEffectGraphs":true,"m_FxEnabled":true},"in2DMode":false,"pivot":{"x":-0.0001390613615512848,"y":0.0063417572528123859,"z":0.0017969310283660889},"rotation":{"x":0.2254849076271057,"y":-0.15414752066135407,"z":0.036156799644231799,"w":0.9612970352172852},"size":0.0787963718175888,"orthographic":false}